<?xml version="1.0" encoding="UTF-8" ?>
<document>
<!--The data in this file is primarily intended for consumption by Xilinx tools.
The structure and the elements are likely to change over the next few releases.
This means code written to parse this file will need to be revisited each subsequent release.-->
<application name="pn" timeStamp="Wed Apr 27 22:57:57 2016">
<section name="Project Information" visible="false">
<property name="ProjectID" value="732EECCA4CBB4D48A9ECF1DF1E4BB03E" type="project"/>
<property name="ProjectIteration" value="0" type="project"/>
<property name="ProjectFile" value="D:/ProcesadorMonociclo/ProcesadorMonociclo.xise" type="project"/>
<property name="ProjectCreationTimestamp" value="2016-04-22T22:53:23" type="project"/>
</section>
<section name="Project Statistics" visible="true">
<property name="PROP_Enable_Message_Filtering" value="false" type="design"/>
<property name="PROP_FitterReportFormat" value="HTML" type="process"/>
<property name="PROP_LastAppliedGoal" value="Balanced" type="design"/>
<property name="PROP_LastAppliedStrategy" value="Xilinx Default (unlocked)" type="design"/>
<property name="PROP_ManualCompileOrderImp" value="false" type="design"/>
<property name="PROP_ProjectDescription" value="Procesador Monociclo - Arquitectura de computadores.

Trabajo presentado por: Daniela Tob�n y Tania Sanchez" type="process"/>
<property name="PROP_PropSpecInProjFile" value="Store all values" type="design"/>
<property name="PROP_SelectedInstanceHierarchicalPath" value="/tb_moduloSumador" type="process"/>
<property name="PROP_Simulator" value="ISim (VHDL/Verilog)" type="design"/>
<property name="PROP_SynthTopFile" value="changed" type="process"/>
<property name="PROP_Top_Level_Module_Type" value="HDL" type="design"/>
<property name="PROP_UseSmartGuide" value="false" type="design"/>
<property name="PROP_UserConstraintEditorPreference" value="Text Editor" type="process"/>
<property name="PROP_intProjectCreationTimestamp" value="2016-04-22T22:53:23" type="design"/>
<property name="PROP_intWbtProjectID" value="732EECCA4CBB4D48A9ECF1DF1E4BB03E" type="design"/>
<property name="PROP_intWorkingDirLocWRTProjDir" value="Same" type="design"/>
<property name="PROP_intWorkingDirUsed" value="No" type="design"/>
<property name="PROP_selectedSimRootSourceNode_behav" value="work.tb_moduloSumador" type="process"/>
<property name="PROP_AutoTop" value="false" type="design"/>
<property name="PROP_DevFamily" value="Automotive Artix7" type="design"/>
<property name="PROP_DevDevice" value="xa7a100t" type="design"/>
<property name="PROP_DevFamilyPMName" value="aartix7" type="design"/>
<property name="PROP_DevPackage" value="csg324" type="design"/>
<property name="PROP_Synthesis_Tool" value="XST (VHDL/Verilog)" type="design"/>
<property name="PROP_DevSpeed" value="-2I" type="design"/>
<property name="PROP_PreferredLanguage" value="VHDL" type="design"/>
<property name="FILE_VHDL" value="19" type="source"/>
</section>
</application>
</document>
